,date,date1,Borough,code,Retail,Grocery,Parks,Transit,Workplace,Residential
0,2022-10-15,44849,Kingston upon Thames,E09000021,-20,-3,69,-5,-1,1
1,2022-10-15,44849,Hammersmith and Fulham,E09000013,-30,-9,3,-31,-23,1
2,2022-10-15,44849,Hackney,E09000012,-24,-8,-8,-24,-17,0
3,2022-10-15,44849,Barking and Dagenham,E09000002,-17,2,27,-6,-19,0
4,2022-10-15,44849,Tower Hamlets,E09000030,-13,-2,-9,-17,-9,0
5,2022-10-15,44849,Lewisham,E09000023,-8,-1,-15,-17,-17,1
6,2022-10-15,44849,Islington,E09000019,-31,-5,-10,-49,-12,0
7,2022-10-15,44849,Bexley,E09000004,-17,5,32,-26,-12,1
8,2022-10-15,44849,Wandsworth,E09000032,-26,-16,41,-18,-8,0
9,2022-10-15,44849,Haringey,E09000014,0,-10,-16,4,-26,0
10,2022-10-15,44849,Enfield,E09000010,-21,-9,10,-25,-15,1
11,2022-10-15,44849,Sutton,E09000029,-17,0,3,-29,-11,0
12,2022-10-15,44849,Merton,E09000024,-24,-10,-15,-5,-12,0
13,2022-10-15,44849,Havering,E09000016,-13,0,-7,-10,-5,0
14,2022-10-15,44849,Brent,E09000005,-11,0,24,-12,-12,0
15,2022-10-15,44849,Hounslow,E09000018,-9,14,-2,6,-2,0
16,2022-10-15,44849,Camden,E09000007,-21,-5,-14,14,-9,0
17,2022-10-15,44849,Greenwich,E09000011,-5,4,-18,3,-12,1
18,2022-10-15,44849,Harrow,E09000015,-13,18,47,6,5,0
19,2022-10-15,44849,Ealing,E09000009,-11,-4,15,-13,-12,0
20,2022-10-15,44849,Southwark,E09000028,-22,-8,-8,1,-4,-1
21,2022-10-15,44849,Newham,E09000025,-22,-1,82,-8,-1,-1
22,2022-10-15,44849,Kensington and Chelsea,E09000020,-25,9,-11,-23,-21,0
23,2022-10-15,44849,City of London,E09000001,-10,-42,-7,8,,
24,2022-10-15,44849,Bromley,E09000006,-17,6,-10,-14,-2,0
25,2022-10-15,44849,Hillingdon,E09000017,-10,-9,144,1,-7,0
26,2022-10-15,44849,Redbridge,E09000026,-18,-5,-19,-17,-12,0
27,2022-10-15,44849,Croydon,E09000008,-20,3,1,-24,-10,0
28,2022-10-15,44849,Richmond upon Thames,E09000027,-23,0,-19,-18,-14,0
29,2022-10-15,44849,Barnet,E09000003,-16,4,-4,-13,-10,0
30,2022-10-15,44849,Westminster,E09000033,-24,3,-30,-8,-18,0
31,2022-10-15,44849,Waltham Forest,E09000031,-13,-3,-29,-19,-20,1
32,2022-10-15,44849,Lambeth,E09000022,-23,-9,35,0,-4,0
33,2022-10-14,44848,Westminster,E09000033,-37,-8,-20,-20,-39,7
34,2022-10-14,44848,Newham,E09000025,-18,2,135,-17,-25,4
35,2022-10-14,44848,Southwark,E09000028,-28,-5,-10,-25,-32,7
36,2022-10-14,44848,Ealing,E09000009,-10,-6,-12,-24,-30,6
37,2022-10-14,44848,Harrow,E09000015,-14,17,30,-9,-26,7
38,2022-10-14,44848,Barking and Dagenham,E09000002,-15,10,29,-11,-29,3
39,2022-10-14,44848,Wandsworth,E09000032,-26,-12,50,-18,-40,10
40,2022-10-14,44848,Hounslow,E09000018,0,3,10,-7,-26,5
41,2022-10-14,44848,Camden,E09000007,-30,-2,-4,-7,-41,9
42,2022-10-14,44848,Brent,E09000005,-15,4,10,-17,-29,5
43,2022-10-14,44848,Tower Hamlets,E09000030,-25,-3,-13,-32,-43,9
44,2022-10-14,44848,Greenwich,E09000011,-6,6,-6,-4,-38,7
45,2022-10-14,44848,City of London,E09000001,-57,-59,-40,-34,-30,
46,2022-10-14,44848,Lewisham,E09000023,-4,4,-7,-22,-39,8
47,2022-10-14,44848,Islington,E09000019,-41,-15,-10,-65,-48,10
48,2022-10-14,44848,Merton,E09000024,-26,-5,-25,-25,-34,7
49,2022-10-14,44848,Sutton,E09000029,-17,4,6,-35,-38,7
50,2022-10-14,44848,Lambeth,E09000022,-23,-6,40,-31,-37,9
51,2022-10-14,44848,Enfield,E09000010,-21,-5,-2,-34,-30,5
52,2022-10-14,44848,Haringey,E09000014,-20,-8,-13,-24,-40,6
53,2022-10-14,44848,Waltham Forest,E09000031,-13,-5,-14,-29,-38,6
54,2022-10-14,44848,Bexley,E09000004,-21,5,33,-31,-32,7
55,2022-10-14,44848,Kensington and Chelsea,E09000020,-29,1,-21,-31,-40,8
56,2022-10-14,44848,Havering,E09000016,-14,3,0,-18,-29,6
57,2022-10-14,44848,Barnet,E09000003,-19,-2,-1,-24,-32,7
58,2022-10-14,44848,Redbridge,E09000026,-17,-4,-19,-25,-38,6
59,2022-10-14,44848,Hillingdon,E09000017,-12,-7,140,-4,-29,5
60,2022-10-14,44848,Bromley,E09000006,-15,9,-5,-27,-40,8
61,2022-10-14,44848,Kingston upon Thames,E09000021,-23,-6,76,-18,-34,8
62,2022-10-14,44848,Richmond upon Thames,E09000027,-23,1,7,-29,-49,8
63,2022-10-14,44848,Croydon,E09000008,-20,7,-7,-25,-30,6
64,2022-10-14,44848,Hammersmith and Fulham,E09000013,-33,-11,-13,-36,-45,8
65,2022-10-14,44848,Hackney,E09000012,-25,-4,-5,-31,-38,8
66,2022-10-13,44847,Westminster,E09000033,-28,-5,-10,-17,-36,6
67,2022-10-13,44847,Lambeth,E09000022,-19,-10,39,-26,-33,6
68,2022-10-13,44847,Barnet,E09000003,-18,-2,12,-22,-33,6
69,2022-10-13,44847,Hammersmith and Fulham,E09000013,-31,-10,-6,-35,-41,6
70,2022-10-13,44847,Hackney,E09000012,-23,-4,0,-31,-34,5
71,2022-10-13,44847,Greenwich,E09000011,-14,7,-1,-11,-38,6
72,2022-10-13,44847,Lewisham,E09000023,-7,6,1,-22,-34,6
73,2022-10-13,44847,City of London,E09000001,-40,-45,-29,-23,-22,
74,2022-10-13,44847,Merton,E09000024,-25,-11,-28,-26,-34,6
75,2022-10-13,44847,Croydon,E09000008,-17,9,6,-24,-26,6
76,2022-10-13,44847,Islington,E09000019,-35,-13,-18,-63,-42,7
77,2022-10-13,44847,Tower Hamlets,E09000030,-15,-4,-6,-27,-38,6
78,2022-10-13,44847,Sutton,E09000029,-16,4,16,-37,-37,7
79,2022-10-13,44847,Enfield,E09000010,-21,-5,5,-35,-31,4
80,2022-10-13,44847,Richmond upon Thames,E09000027,-24,1,9,-28,-45,8
81,2022-10-13,44847,Waltham Forest,E09000031,-13,-1,-13,-27,-35,5
82,2022-10-13,44847,Haringey,E09000014,-23,-8,-5,-24,-38,5
83,2022-10-13,44847,Havering,E09000016,-13,5,1,-16,-26,5
84,2022-10-13,44847,Bexley,E09000004,-20,5,33,-28,-31,6
85,2022-10-13,44847,Brent,E09000005,-10,3,27,-14,-29,4
86,2022-10-13,44847,Barking and Dagenham,E09000002,-15,6,28,-8,-31,3
87,2022-10-13,44847,Kingston upon Thames,E09000021,-21,-6,,-17,-32,7
88,2022-10-13,44847,Harrow,E09000015,-11,12,47,-7,-22,6
89,2022-10-13,44847,Kensington and Chelsea,E09000020,-25,0,-20,-27,-39,6
90,2022-10-13,44847,Bromley,E09000006,-15,7,5,-29,-34,7
91,2022-10-13,44847,Newham,E09000025,-2,4,368,-16,-24,3
92,2022-10-13,44847,Southwark,E09000028,-24,-8,-1,-22,-27,6
93,2022-10-13,44847,Wandsworth,E09000032,-28,-14,3,-18,-36,8
94,2022-10-13,44847,Hillingdon,E09000017,-10,-3,158,-4,-29,5
95,2022-10-13,44847,Ealing,E09000009,-8,-4,11,-23,-29,5
96,2022-10-13,44847,Redbridge,E09000026,-15,-7,-9,-29,-37,5
97,2022-10-13,44847,Camden,E09000007,-27,-3,-8,-5,-37,6
98,2022-10-13,44847,Hounslow,E09000018,-12,5,12,-13,-25,4
99,2022-10-12,44846,Harrow,E09000015,-10,13,35,-6,-19,6
100,2022-10-12,44846,Enfield,E09000010,-23,-8,2,-34,-31,5
101,2022-10-12,44846,Kensington and Chelsea,E09000020,-24,0,-15,-26,-37,7
102,2022-10-12,44846,Haringey,E09000014,5,-9,-13,-18,-39,6
103,2022-10-12,44846,Bromley,E09000006,-15,5,3,-26,-34,8
104,2022-10-12,44846,Havering,E09000016,-13,-3,-1,-20,-26,5
105,2022-10-12,44846,City of London,E09000001,-40,-45,-19,-24,-30,
106,2022-10-12,44846,Richmond upon Thames,E09000027,-25,-3,7,-31,-46,8
107,2022-10-12,44846,Westminster,E09000033,-28,-5,-7,-19,-36,6
108,2022-10-12,44846,Newham,E09000025,-15,1,157,-18,-21,4
109,2022-10-12,44846,Southwark,E09000028,-25,-9,3,-24,-31,6
110,2022-10-12,44846,Hounslow,E09000018,-12,3,14,-11,-22,4
111,2022-10-12,44846,Camden,E09000007,-27,-9,-1,-7,-36,7
112,2022-10-12,44846,Ealing,E09000009,-5,-5,3,-22,-31,5
113,2022-10-12,44846,Sutton,E09000029,-15,6,17,-35,-36,7
114,2022-10-12,44846,Merton,E09000024,-25,-12,-20,-26,-32,6
115,2022-10-12,44846,Redbridge,E09000026,-19,-4,-17,-25,-38,5
116,2022-10-12,44846,Croydon,E09000008,-17,2,0,-24,-26,6
117,2022-10-12,44846,Lambeth,E09000022,-20,-10,46,-31,-32,7
118,2022-10-12,44846,Hillingdon,E09000017,-10,-9,157,-3,-29,5
119,2022-10-12,44846,Greenwich,E09000011,-19,5,-3,-9,-35,6
120,2022-10-12,44846,Kingston upon Thames,E09000021,-26,-5,,-22,-32,7
121,2022-10-12,44846,Brent,E09000005,-14,2,16,-20,-29,4
122,2022-10-12,44846,Hammersmith and Fulham,E09000013,-25,-11,-4,-34,-43,6
123,2022-10-12,44846,Tower Hamlets,E09000030,-16,-7,-9,-29,-36,7
124,2022-10-12,44846,Bexley,E09000004,-21,3,28,-31,-32,6
125,2022-10-12,44846,Hackney,E09000012,-24,-9,10,-33,-35,7
126,2022-10-12,44846,Waltham Forest,E09000031,-15,-3,-19,-28,-34,6
127,2022-10-12,44846,Lewisham,E09000023,-4,4,3,-23,-32,7
128,2022-10-12,44846,Barnet,E09000003,-18,-5,-3,-22,-33,7
129,2022-10-12,44846,Wandsworth,E09000032,-27,-16,3,-22,-35,8
130,2022-10-12,44846,Barking and Dagenham,E09000002,-18,6,16,-17,-30,3
131,2022-10-12,44846,Islington,E09000019,-35,-15,-11,-65,-43,8
132,2022-10-11,44845,Barking and Dagenham,E09000002,-16,0,35,-10,-34,3
133,2022-10-11,44845,Merton,E09000024,-24,-13,-10,-24,-33,7
134,2022-10-11,44845,Lewisham,E09000023,-4,2,14,-21,-33,6
135,2022-10-11,44845,City of London,E09000001,-41,-47,-26,-26,-25,
136,2022-10-11,44845,Hackney,E09000012,-28,-11,8,-35,-36,5
137,2022-10-11,44845,Ealing,E09000009,-12,4,20,-20,-29,5
138,2022-10-11,44845,Kensington and Chelsea,E09000020,-24,2,-15,-29,-37,6
139,2022-10-11,44845,Brent,E09000005,-13,1,40,-20,-28,4
140,2022-10-11,44845,Bromley,E09000006,-13,10,6,-27,-34,7
141,2022-10-11,44845,Sutton,E09000029,-16,3,24,-35,-37,7
142,2022-10-11,44845,Islington,E09000019,-36,-14,-1,-65,-43,7
143,2022-10-11,44845,Kingston upon Thames,E09000021,-24,-6,,-21,-32,6
144,2022-10-11,44845,Greenwich,E09000011,-3,4,15,-5,-37,6
145,2022-10-11,44845,Harrow,E09000015,-6,14,62,-5,-19,6
146,2022-10-11,44845,Southwark,E09000028,-24,-9,6,-23,-30,6
147,2022-10-11,44845,Newham,E09000025,-9,3,174,-18,-24,3
148,2022-10-11,44845,Enfield,E09000010,-19,-10,18,-34,-32,4
149,2022-10-11,44845,Barnet,E09000003,-21,-8,16,-23,-36,5
150,2022-10-11,44845,Hillingdon,E09000017,-9,-2,146,-2,-27,5
151,2022-10-11,44845,Hammersmith and Fulham,E09000013,-28,-12,0,-33,-42,6
152,2022-10-11,44845,Havering,E09000016,-14,2,8,-18,-26,5
153,2022-10-11,44845,Lambeth,E09000022,-19,-9,66,-28,-30,7
154,2022-10-11,44845,Tower Hamlets,E09000030,-16,-3,8,-30,-37,6
155,2022-10-11,44845,Richmond upon Thames,E09000027,-25,0,13,-30,-47,8
156,2022-10-11,44845,Croydon,E09000008,-15,7,15,-25,-28,6
157,2022-10-11,44845,Camden,E09000007,-25,-5,13,-7,-37,6
158,2022-10-11,44845,Wandsworth,E09000032,-27,-18,12,-20,-35,8
159,2022-10-11,44845,Haringey,E09000014,-23,-11,3,-27,-42,5
160,2022-10-11,44845,Bexley,E09000004,-22,3,38,-32,-30,6
161,2022-10-11,44845,Westminster,E09000033,-28,-6,-5,-18,-35,5
162,2022-10-11,44845,Redbridge,E09000026,-14,-1,-5,-23,-39,5
163,2022-10-11,44845,Waltham Forest,E09000031,-16,-4,-8,-28,-37,6
164,2022-10-11,44845,Hounslow,E09000018,-9,4,27,-11,-26,4
165,2022-10-10,44844,Harrow,E09000015,-5,17,68,-10,-24,7
166,2022-10-10,44844,Lambeth,E09000022,-24,-11,69,-34,-38,9
167,2022-10-10,44844,Camden,E09000007,-28,-13,23,-9,-44,9
168,2022-10-10,44844,Sutton,E09000029,-18,4,33,-38,-39,7
169,2022-10-10,44844,Barking and Dagenham,E09000002,-17,3,48,-17,-34,4
170,2022-10-10,44844,Hounslow,E09000018,-5,7,24,-12,-28,5
171,2022-10-10,44844,Tower Hamlets,E09000030,-19,-7,13,-28,-43,9
172,2022-10-10,44844,Wandsworth,E09000032,-28,-16,15,-26,-42,10
173,2022-10-10,44844,Waltham Forest,E09000031,-15,-3,-10,-31,-39,7
174,2022-10-10,44844,Havering,E09000016,-14,2,5,-22,-29,6
175,2022-10-10,44844,Richmond upon Thames,E09000027,-26,2,9,-32,-49,9
176,2022-10-10,44844,Croydon,E09000008,-17,3,18,-24,-28,7
177,2022-10-10,44844,Barnet,E09000003,-23,-4,8,-28,-40,9
178,2022-10-10,44844,Hammersmith and Fulham,E09000013,-30,-13,8,-34,-46,9
179,2022-10-10,44844,Redbridge,E09000026,-14,-5,-3,-28,-40,6
180,2022-10-10,44844,Hillingdon,E09000017,-9,-1,175,-7,-30,6
181,2022-10-10,44844,Ealing,E09000009,-15,5,17,-19,-32,6
182,2022-10-10,44844,Kingston upon Thames,E09000021,-18,-4,,-24,-36,9
183,2022-10-10,44844,City of London,E09000001,-50,-56,-32,-35,-34,
184,2022-10-10,44844,Hackney,E09000012,-31,-9,11,-40,-42,8
185,2022-10-10,44844,Bromley,E09000006,-18,7,5,-30,-39,9
186,2022-10-10,44844,Newham,E09000025,-11,2,178,-12,-27,5
187,2022-10-10,44844,Southwark,E09000028,-26,-7,6,-28,-34,8
188,2022-10-10,44844,Kensington and Chelsea,E09000020,-25,3,-17,-27,-39,8
189,2022-10-10,44844,Brent,E09000005,-13,4,44,-21,-30,5
190,2022-10-10,44844,Enfield,E09000010,-20,-9,17,-37,-33,5
191,2022-10-10,44844,Islington,E09000019,-40,-17,-12,-65,-49,10
192,2022-10-10,44844,Westminster,E09000033,-28,-2,0,-19,-41,8
193,2022-10-10,44844,Merton,E09000024,-24,-9,-6,-27,-35,7
194,2022-10-10,44844,Lewisham,E09000023,-4,0,11,-25,-39,8
195,2022-10-10,44844,Greenwich,E09000011,5,5,10,-4,-39,7
196,2022-10-10,44844,Haringey,E09000014,-21,-10,-5,-29,-44,7
197,2022-10-10,44844,Bexley,E09000004,-22,1,37,-31,-34,7
198,2022-10-09,44843,Hackney,E09000012,-22,-11,8,-15,-12,-1
199,2022-10-09,44843,Southwark,E09000028,-21,-3,9,-23,-3,-1
200,2022-10-09,44843,Barking and Dagenham,E09000002,-17,-6,63,-3,-18,-1
201,2022-10-09,44843,Lewisham,E09000023,-5,-4,25,-11,-13,-1
202,2022-10-09,44843,Hounslow,E09000018,-2,10,24,10,-4,-1
203,2022-10-09,44843,City of London,E09000001,-18,-54,-32,-3,,
204,2022-10-09,44843,Hammersmith and Fulham,E09000013,-31,-18,16,-31,-20,-1
205,2022-10-09,44843,Kingston upon Thames,E09000021,-17,-7,118,-5,-2,-1
206,2022-10-09,44843,Enfield,E09000010,-24,-11,31,-19,-12,0
207,2022-10-09,44843,Camden,E09000007,-18,-8,11,13,-16,-1
208,2022-10-09,44843,Harrow,E09000015,-11,7,75,15,15,-1
209,2022-10-09,44843,Greenwich,E09000011,1,4,5,8,-10,-1
210,2022-10-09,44843,Islington,E09000019,4,-11,30,-45,-13,-1
211,2022-10-09,44843,Tower Hamlets,E09000030,-13,-16,6,-14,-8,-1
212,2022-10-09,44843,Bromley,E09000006,-14,6,19,-11,2,-1
213,2022-10-09,44843,Newham,E09000025,3,-6,340,3,-1,-2
214,2022-10-09,44843,Merton,E09000024,-21,-16,-1,-14,-12,-1
215,2022-10-09,44843,Wandsworth,E09000032,-21,-15,2,-15,0,-1
216,2022-10-09,44843,Kensington and Chelsea,E09000020,-29,-1,-12,-17,-20,-1
217,2022-10-09,44843,Ealing,E09000009,-13,7,19,-7,-10,-1
218,2022-10-09,44843,Haringey,E09000014,23,-12,-7,24,-25,-1
219,2022-10-09,44843,Hillingdon,E09000017,-8,-9,159,4,-2,-1
220,2022-10-09,44843,Sutton,E09000029,-22,-2,32,-26,-10,0
221,2022-10-09,44843,Havering,E09000016,-13,1,28,0,-1,-1
222,2022-10-09,44843,Barnet,E09000003,-18,-1,16,-12,-8,0
223,2022-10-09,44843,Waltham Forest,E09000031,-12,-7,8,-16,-16,0
224,2022-10-09,44843,Lambeth,E09000022,-21,-8,69,-4,-6,-1
225,2022-10-09,44843,Brent,E09000005,-11,1,45,-12,-9,-1
226,2022-10-09,44843,Bexley,E09000004,-21,-2,51,-23,-9,0
227,2022-10-09,44843,Croydon,E09000008,-6,3,18,-11,-6,0
228,2022-10-09,44843,Redbridge,E09000026,-16,-11,6,-13,-14,-1
229,2022-10-09,44843,Westminster,E09000033,-19,0,-2,5,-17,-1
230,2022-10-09,44843,Richmond upon Thames,E09000027,-22,-7,9,-31,-19,-2
231,2022-10-08,44842,Merton,E09000024,-21,-8,0,-11,-12,-1
232,2022-10-08,44842,Barnet,E09000003,-15,6,19,-8,-10,0
233,2022-10-08,44842,Havering,E09000016,-13,2,15,-10,-2,0
234,2022-10-08,44842,Newham,E09000025,-20,-4,121,-18,-2,-1
235,2022-10-08,44842,Wandsworth,E09000032,-27,-14,9,-25,-8,0
236,2022-10-08,44842,Tower Hamlets,E09000030,-12,-3,6,-11,-11,0
237,2022-10-08,44842,Croydon,E09000008,-17,6,28,-33,-11,0
238,2022-10-08,44842,Waltham Forest,E09000031,-15,-2,-18,-21,-19,0
239,2022-10-08,44842,Haringey,E09000014,-18,-10,-6,-21,-26,0
240,2022-10-08,44842,Kensington and Chelsea,E09000020,-27,12,-5,-12,-19,0
241,2022-10-08,44842,Southwark,E09000028,-21,-6,6,-27,-5,-1
242,2022-10-08,44842,Islington,E09000019,-32,-5,15,-53,-13,0
243,2022-10-08,44842,Hackney,E09000012,-23,-6,5,-36,-17,0
244,2022-10-08,44842,Redbridge,E09000026,-15,-8,-11,-13,-13,-1
245,2022-10-08,44842,Kingston upon Thames,E09000021,-15,0,89,-22,1,0
246,2022-10-08,44842,Enfield,E09000010,-20,-8,22,-34,-15,0
247,2022-10-08,44842,Bexley,E09000004,-19,3,62,-31,-11,0
248,2022-10-08,44842,City of London,E09000001,-28,-51,-30,-27,,
249,2022-10-08,44842,Hillingdon,E09000017,-7,-5,168,9,-8,-1
250,2022-10-08,44842,Ealing,E09000009,-15,5,29,-9,-12,0
251,2022-10-08,44842,Bromley,E09000006,-12,11,12,-40,-1,1
252,2022-10-08,44842,Hammersmith and Fulham,E09000013,-24,-6,28,-28,-22,0
253,2022-10-08,44842,Richmond upon Thames,E09000027,-19,1,0,-32,-14,0
254,2022-10-08,44842,Westminster,E09000033,-27,-1,-24,-18,-19,0
255,2022-10-08,44842,Harrow,E09000015,-8,16,84,8,7,0
256,2022-10-08,44842,Hounslow,E09000018,-7,13,16,8,-3,-1
257,2022-10-08,44842,Lewisham,E09000023,0,0,9,-21,-18,0
258,2022-10-08,44842,Barking and Dagenham,E09000002,-17,1,49,-5,-19,-1
259,2022-10-08,44842,Greenwich,E09000011,-13,6,-12,4,-12,0
260,2022-10-08,44842,Camden,E09000007,-24,-8,-1,-19,-9,1
261,2022-10-08,44842,Sutton,E09000029,-17,4,35,-39,-13,0
262,2022-10-08,44842,Lambeth,E09000022,-21,-8,56,-29,-2,-1
263,2022-10-08,44842,Brent,E09000005,-11,0,46,-14,-12,0
264,2022-10-07,44841,Haringey,E09000014,-20,-10,-7,-22,-40,6
265,2022-10-07,44841,Croydon,E09000008,-21,6,1,-24,-28,6
266,2022-10-07,44841,Brent,E09000005,23,3,36,1,-30,5
267,2022-10-07,44841,Enfield,E09000010,-21,-7,1,-34,-31,5
268,2022-10-07,44841,Hounslow,E09000018,-11,3,8,-11,-26,5
269,2022-10-07,44841,Tower Hamlets,E09000030,-24,-2,-9,-28,-42,8
270,2022-10-07,44841,City of London,E09000001,-54,-59,-40,-30,-37,
271,2022-10-07,44841,Havering,E09000016,-13,4,9,-18,-30,5
272,2022-10-07,44841,Barnet,E09000003,-19,-1,7,-22,-32,7
273,2022-10-07,44841,Camden,E09000007,-33,-6,3,-7,-40,8
274,2022-10-07,44841,Waltham Forest,E09000031,-14,-5,-14,-29,-37,6
275,2022-10-07,44841,Westminster,E09000033,-37,-8,-18,-20,-40,7
276,2022-10-07,44841,Lewisham,E09000023,-3,2,-2,-21,-38,7
277,2022-10-07,44841,Barking and Dagenham,E09000002,-17,7,32,-12,-29,3
278,2022-10-07,44841,Hillingdon,E09000017,-11,-3,137,0,-29,5
279,2022-10-07,44841,Bexley,E09000004,-20,3,41,-32,-32,6
280,2022-10-07,44841,Islington,E09000019,-39,-15,-1,-63,-48,10
281,2022-10-07,44841,Richmond upon Thames,E09000027,-25,0,8,-31,-48,8
282,2022-10-07,44841,Redbridge,E09000026,-14,-7,-9,-26,-39,6
283,2022-10-07,44841,Sutton,E09000029,-16,4,19,-36,-39,7
284,2022-10-07,44841,Hammersmith and Fulham,E09000013,-29,-13,1,-35,-46,8
285,2022-10-07,44841,Ealing,E09000009,-17,2,5,-23,-31,5
286,2022-10-07,44841,Southwark,E09000028,-26,-6,-3,-21,-33,7
287,2022-10-07,44841,Bromley,E09000006,-15,10,6,-25,-39,8
288,2022-10-07,44841,Wandsworth,E09000032,-27,-12,5,-19,-40,10
289,2022-10-07,44841,Greenwich,E09000011,-20,4,-3,-5,-38,7
290,2022-10-07,44841,Harrow,E09000015,-13,13,41,-6,-25,6
291,2022-10-07,44841,Newham,E09000025,-17,1,143,-16,-24,4
292,2022-10-07,44841,Lambeth,E09000022,-25,-7,48,-30,-37,8
293,2022-10-07,44841,Merton,E09000024,-26,-7,-15,-24,-34,7
294,2022-10-07,44841,Kensington and Chelsea,E09000020,-29,-1,-20,-25,-41,8
295,2022-10-07,44841,Hackney,E09000012,-26,-3,0,-32,-38,7
296,2022-10-07,44841,Kingston upon Thames,E09000021,-22,-5,,-21,-34,8
297,2022-10-06,44840,Havering,E09000016,-11,9,13,-18,-25,5
298,2022-10-06,44840,Bromley,E09000006,-11,9,11,-29,-33,7
299,2022-10-06,44840,Barking and Dagenham,E09000002,-15,9,41,-11,-31,3
300,2022-10-06,44840,Hillingdon,E09000017,-7,0,160,-1,-29,5
301,2022-10-06,44840,Bexley,E09000004,-20,6,40,-28,-30,5
302,2022-10-06,44840,Barnet,E09000003,-16,3,19,-21,-29,6
303,2022-10-06,44840,Harrow,E09000015,-6,12,58,-8,-20,5
304,2022-10-06,44840,Richmond upon Thames,E09000027,-19,2,24,-28,-44,7
305,2022-10-06,44840,Westminster,E09000033,-30,-5,-7,-22,-35,5
306,2022-10-06,44840,Croydon,E09000008,-14,9,16,-24,-25,5
307,2022-10-06,44840,Wandsworth,E09000032,-26,-12,5,-18,-35,7
308,2022-10-06,44840,Sutton,E09000029,-15,5,22,-35,-36,6
309,2022-10-06,44840,Newham,E09000025,-19,2,156,-22,-22,3
310,2022-10-06,44840,Lambeth,E09000022,-22,-10,59,-28,-31,6
311,2022-10-06,44840,Haringey,E09000014,-17,-7,0,-22,-37,5
312,2022-10-06,44840,Redbridge,E09000026,-11,-7,0,-29,-37,5
313,2022-10-06,44840,Greenwich,E09000011,-12,9,6,-12,-37,6
314,2022-10-06,44840,Brent,E09000005,-11,4,37,-18,-28,4
315,2022-10-06,44840,Camden,E09000007,-27,-4,2,-9,-34,6
316,2022-10-06,44840,Kensington and Chelsea,E09000020,-26,3,-15,-28,-37,5
317,2022-10-06,44840,Kingston upon Thames,E09000021,-20,-2,,-16,-30,7
318,2022-10-06,44840,City of London,E09000001,-39,-44,-29,-27,-23,
319,2022-10-06,44840,Tower Hamlets,E09000030,-17,-1,7,-31,-36,6
320,2022-10-06,44840,Waltham Forest,E09000031,-13,0,0,-25,-35,5
321,2022-10-06,44840,Hounslow,E09000018,-9,7,22,-13,-24,4
322,2022-10-06,44840,Hackney,E09000012,-20,-1,6,-27,-32,5
323,2022-10-06,44840,Enfield,E09000010,-20,-4,19,-32,-31,4
324,2022-10-06,44840,Merton,E09000024,-22,-11,-20,-26,-33,6
325,2022-10-06,44840,Ealing,E09000009,-12,8,17,-20,-29,4
326,2022-10-06,44840,Southwark,E09000028,-21,-7,3,-25,-25,5
327,2022-10-06,44840,Islington,E09000019,-11,-9,-1,-56,-41,6
328,2022-10-06,44840,Lewisham,E09000023,-2,4,16,-22,-33,6
329,2022-10-06,44840,Hammersmith and Fulham,E09000013,-28,-9,4,-35,-42,6
330,2022-10-05,44839,Croydon,E09000008,-16,3,-11,-37,-32,9
331,2022-10-05,44839,Barnet,E09000003,-23,-11,-20,-28,-41,8
332,2022-10-05,44839,Ealing,E09000009,-13,3,-10,-23,-35,7
333,2022-10-05,44839,Lewisham,E09000023,-1,7,-3,-36,-42,11
334,2022-10-05,44839,Hammersmith and Fulham,E09000013,-10,-13,-8,-37,-47,9
335,2022-10-05,44839,Haringey,E09000014,-27,-10,-25,-39,-43,8
336,2022-10-05,44839,Tower Hamlets,E09000030,-29,-10,-21,-38,-41,9
337,2022-10-05,44839,Westminster,E09000033,-41,-17,-31,-43,-40,8
338,2022-10-05,44839,Havering,E09000016,-12,1,-4,-28,-31,7
339,2022-10-05,44839,Greenwich,E09000011,-17,8,-15,-9,-42,9
340,2022-10-05,44839,Merton,E09000024,-24,-12,-28,-28,-35,9
341,2022-10-05,44839,Newham,E09000025,-21,0,121,-27,-25,6
342,2022-10-05,44839,Redbridge,E09000026,-15,-4,-20,-26,-42,7
343,2022-10-05,44839,Hounslow,E09000018,-12,3,4,-15,-25,6
344,2022-10-05,44839,Enfield,E09000010,-23,-6,-4,-42,-36,7
345,2022-10-05,44839,Kensington and Chelsea,E09000020,-28,-3,-26,-28,-40,9
346,2022-10-05,44839,City of London,E09000001,-62,-60,-52,-50,-34,
347,2022-10-05,44839,Waltham Forest,E09000031,-14,-2,-28,-31,-39,8
348,2022-10-05,44839,Southwark,E09000028,-32,-11,-15,-45,-36,9
349,2022-10-05,44839,Islington,E09000019,-45,-18,-21,-71,-48,11
350,2022-10-05,44839,Bexley,E09000004,-19,6,20,-49,-40,10
351,2022-10-05,44839,Bromley,E09000006,-12,11,-1,-49,-46,13
352,2022-10-05,44839,Hillingdon,E09000017,-5,-2,125,-2,-32,6
353,2022-10-05,44839,Barking and Dagenham,E09000002,-18,6,13,-23,-34,5
354,2022-10-05,44839,Harrow,E09000015,-10,13,28,-9,-25,8
355,2022-10-05,44839,Hackney,E09000012,-33,-9,-7,-48,-41,8
356,2022-10-05,44839,Wandsworth,E09000032,-27,-14,-1,-34,-40,11
357,2022-10-05,44839,Sutton,E09000029,-17,8,3,-43,-41,9
358,2022-10-05,44839,Brent,E09000005,-15,3,0,-27,-33,6
359,2022-10-05,44839,Lambeth,E09000022,-27,-9,19,-45,-36,10
360,2022-10-05,44839,Kingston upon Thames,E09000021,-25,-8,,-31,-38,10
361,2022-10-05,44839,Camden,E09000007,-40,-20,-17,-43,-41,10
362,2022-10-05,44839,Richmond upon Thames,E09000027,-28,-3,-8,-41,-50,11
363,2022-10-04,44838,Redbridge,E09000026,-11,1,-12,-24,-40,5
364,2022-10-04,44838,Southwark,E09000028,-25,-8,-2,-22,-32,6
365,2022-10-04,44838,Haringey,E09000014,-22,-8,-9,-24,-42,5
366,2022-10-04,44838,Croydon,E09000008,-15,8,6,-24,-29,6
367,2022-10-04,44838,Westminster,E09000033,-31,-5,-15,-15,-36,6
368,2022-10-04,44838,Bromley,E09000006,-16,11,-1,-25,-34,7
369,2022-10-04,44838,Islington,E09000019,-37,-13,-9,-64,-44,8
370,2022-10-04,44838,Tower Hamlets,E09000030,-17,-3,-3,-31,-38,7
371,2022-10-04,44838,Lewisham,E09000023,-6,3,4,-21,-34,6
372,2022-10-04,44838,Bexley,E09000004,-22,5,27,-30,-31,6
373,2022-10-04,44838,Greenwich,E09000011,-15,4,-3,-9,-38,6
374,2022-10-04,44838,Havering,E09000016,-13,5,1,-18,-26,6
375,2022-10-04,44838,Hammersmith and Fulham,E09000013,-28,-10,-6,-34,-43,6
376,2022-10-04,44838,Hackney,E09000012,-28,-7,1,-32,-36,6
377,2022-10-04,44838,Hillingdon,E09000017,-7,0,139,0,-29,5
378,2022-10-04,44838,Wandsworth,E09000032,-28,-15,2,-18,-35,8
379,2022-10-04,44838,Barking and Dagenham,E09000002,-15,-1,32,-11,-34,3
380,2022-10-04,44838,Lambeth,E09000022,-26,-9,44,-27,-31,7
381,2022-10-04,44838,Sutton,E09000029,-16,4,15,-34,-37,7
382,2022-10-04,44838,City of London,E09000001,-42,-44,-33,-25,-31,
383,2022-10-04,44838,Barnet,E09000003,-17,-1,7,-20,-34,6
384,2022-10-04,44838,Richmond upon Thames,E09000027,-29,2,-2,-30,-47,8
385,2022-10-04,44838,Kingston upon Thames,E09000021,-24,-5,,-19,-33,7
386,2022-10-04,44838,Enfield,E09000010,-21,-8,6,-35,-32,5
387,2022-10-04,44838,Merton,E09000024,-26,-10,-19,-24,-34,6
388,2022-10-04,44838,Camden,E09000007,-28,-5,-2,-7,-38,7
389,2022-10-04,44838,Harrow,E09000015,-7,15,44,-4,-19,6
390,2022-10-04,44838,Kensington and Chelsea,E09000020,-26,1,-23,-31,-38,6
391,2022-10-04,44838,Hounslow,E09000018,-8,5,23,-7,-26,4
392,2022-10-04,44838,Newham,E09000025,-10,4,156,-14,-24,4
393,2022-10-04,44838,Waltham Forest,E09000031,-20,-3,-17,-25,-37,6
394,2022-10-04,44838,Ealing,E09000009,-14,6,5,-18,-30,5
395,2022-10-04,44838,Brent,E09000005,-8,4,28,-14,-29,4
396,2022-10-03,44837,Hammersmith and Fulham,E09000013,-27,-9,13,-34,-47,9
397,2022-10-03,44837,Sutton,E09000029,-14,8,40,-39,-40,8
398,2022-10-03,44837,Enfield,E09000010,-17,-6,26,-34,-33,5
399,2022-10-03,44837,Redbridge,E09000026,-9,0,3,-27,-39,6
400,2022-10-03,44837,Barking and Dagenham,E09000002,-10,6,46,-15,-34,4
401,2022-10-03,44837,Haringey,E09000014,-18,-7,3,-25,-42,7
402,2022-10-03,44837,Merton,E09000024,-23,-5,-7,-26,-36,8
403,2022-10-03,44837,Bexley,E09000004,-21,3,30,-31,-34,6
404,2022-10-03,44837,Tower Hamlets,E09000030,-20,-3,12,-30,-43,8
405,2022-10-03,44837,Kensington and Chelsea,E09000020,-27,3,-15,-29,-40,8
406,2022-10-03,44837,Croydon,E09000008,-13,9,20,-23,-28,6
407,2022-10-03,44837,Barnet,E09000003,-16,4,18,-21,-34,7
408,2022-10-03,44837,Hillingdon,E09000017,-5,0,181,-4,-30,5
409,2022-10-03,44837,Havering,E09000016,-10,4,15,-20,-29,6
410,2022-10-03,44837,Richmond upon Thames,E09000027,-25,2,12,-31,-49,9
411,2022-10-03,44837,Brent,E09000005,-10,9,50,-18,-31,4
412,2022-10-03,44837,Hackney,E09000012,-28,-1,19,-38,-38,7
413,2022-10-03,44837,Waltham Forest,E09000031,-13,1,-4,-28,-38,6
414,2022-10-03,44837,Islington,E09000019,-39,-13,-1,-64,-49,10
415,2022-10-03,44837,City of London,E09000001,-50,-54,-45,-35,-35,
416,2022-10-03,44837,Wandsworth,E09000032,-24,-15,13,-26,-42,10
417,2022-10-03,44837,Hounslow,E09000018,-4,11,14,-10,-28,4
418,2022-10-03,44837,Lewisham,E09000023,-3,3,14,-26,-39,8
419,2022-10-03,44837,Newham,E09000025,-10,6,188,-12,-28,5
420,2022-10-03,44837,Harrow,E09000015,-3,20,61,-7,-24,7
421,2022-10-03,44837,Westminster,E09000033,-31,0,-4,-18,-40,7
422,2022-10-03,44837,Bromley,E09000006,-15,11,8,-27,-39,9
423,2022-10-03,44837,Ealing,E09000009,-7,0,27,-18,-33,5
424,2022-10-03,44837,Greenwich,E09000011,-10,12,42,-7,-40,7
425,2022-10-03,44837,Camden,E09000007,-28,-10,28,-10,-43,8
426,2022-10-03,44837,Lambeth,E09000022,-23,-7,71,-34,-38,8
427,2022-10-03,44837,Kingston upon Thames,E09000021,-17,1,,-21,-36,8
428,2022-10-03,44837,Southwark,E09000028,-24,-6,5,-29,-35,8
429,2022-10-02,44836,Harrow,E09000015,-11,11,116,22,10,-1
430,2022-10-02,44836,Enfield,E09000010,-21,-8,20,-21,-12,0
431,2022-10-02,44836,Ealing,E09000009,-3,1,28,-3,-9,0
432,2022-10-02,44836,Hounslow,E09000018,-1,13,6,8,-5,-1
433,2022-10-02,44836,Kingston upon Thames,E09000021,-18,-7,98,-2,-2,0
434,2022-10-02,44836,Barnet,E09000003,-15,0,19,-10,-6,0
435,2022-10-02,44836,Merton,E09000024,-21,-12,-8,-13,-12,0
436,2022-10-02,44836,Richmond upon Thames,E09000027,-17,-1,-8,-13,-20,-1
437,2022-10-02,44836,Hackney,E09000012,-25,-8,-1,-18,-11,0
438,2022-10-02,44836,Camden,E09000007,-21,-11,3,14,-13,0
439,2022-10-02,44836,Kensington and Chelsea,E09000020,-27,0,-19,-21,-24,1
440,2022-10-02,44836,Bromley,E09000006,-14,7,9,-13,3,0
441,2022-10-02,44836,Redbridge,E09000026,-11,-5,13,-11,-12,-1
442,2022-10-02,44836,Waltham Forest,E09000031,-12,-5,3,-19,-19,0
443,2022-10-02,44836,Brent,E09000005,-8,6,38,-8,-9,-1
444,2022-10-02,44836,City of London,E09000001,-6,-53,-4,13,,
445,2022-10-02,44836,Barking and Dagenham,E09000002,-12,-4,52,-3,-18,0
446,2022-10-02,44836,Southwark,E09000028,-18,-3,14,3,-4,0
447,2022-10-02,44836,Lambeth,E09000022,-20,-8,57,-8,-4,0
448,2022-10-02,44836,Bexley,E09000004,-18,3,28,-13,-11,0
449,2022-10-02,44836,Greenwich,E09000011,-8,3,34,14,-14,1
450,2022-10-02,44836,Tower Hamlets,E09000030,-1,-12,19,9,-9,0
451,2022-10-02,44836,Hammersmith and Fulham,E09000013,-23,-9,19,-19,-20,0
452,2022-10-02,44836,Westminster,E09000033,-20,1,-7,12,-18,0
453,2022-10-02,44836,Newham,E09000025,-11,-3,110,5,1,-1
454,2022-10-02,44836,Hillingdon,E09000017,-2,-6,184,9,-3,-1
455,2022-10-02,44836,Croydon,E09000008,-15,3,5,-22,-5,0
456,2022-10-02,44836,Wandsworth,E09000032,-22,-16,-12,-18,3,0
457,2022-10-02,44836,Islington,E09000019,-33,-12,10,-56,-14,0
458,2022-10-02,44836,Lewisham,E09000023,-5,-2,28,-1,-15,0
459,2022-10-02,44836,Haringey,E09000014,22,-8,-13,22,-26,0
460,2022-10-02,44836,Havering,E09000016,-10,5,30,-3,-1,0
461,2022-10-02,44836,Sutton,E09000029,-21,3,12,-28,-13,1
462,2022-10-01,44835,Hammersmith and Fulham,E09000013,-26,-2,24,-16,-22,0
463,2022-10-01,44835,Redbridge,E09000026,-12,-2,-17,-5,-14,-1
464,2022-10-01,44835,Havering,E09000016,-13,3,6,-7,-3,0
465,2022-10-01,44835,Southwark,E09000028,-23,-6,0,-33,-6,-1
466,2022-10-01,44835,Kensington and Chelsea,E09000020,-29,7,-15,-20,-23,1
467,2022-10-01,44835,Hackney,E09000012,-23,-5,0,-31,-21,-1
468,2022-10-01,44835,Richmond upon Thames,E09000027,-22,4,-10,-32,-12,0
469,2022-10-01,44835,Sutton,E09000029,-14,5,26,-37,-14,0
470,2022-10-01,44835,Croydon,E09000008,-8,10,20,-30,-11,0
471,2022-10-01,44835,Barking and Dagenham,E09000002,-13,5,47,-7,-20,-1
472,2022-10-01,44835,Lambeth,E09000022,-21,-7,43,-24,-6,0
473,2022-10-01,44835,Newham,E09000025,-7,1,258,-7,-2,-2
474,2022-10-01,44835,City of London,E09000001,-29,-54,-26,-28,,
475,2022-10-01,44835,Ealing,E09000009,-8,0,30,-4,-14,0
476,2022-10-01,44835,Wandsworth,E09000032,-22,-14,-2,-25,-8,0
477,2022-10-01,44835,Camden,E09000007,-26,-8,-12,-20,-10,1
478,2022-10-01,44835,Bexley,E09000004,-15,8,34,-40,-14,0
479,2022-10-01,44835,Islington,E09000019,-9,1,1,-45,-14,0
480,2022-10-01,44835,Hillingdon,E09000017,-4,-2,175,15,-9,-1
481,2022-10-01,44835,Harrow,E09000015,-8,20,68,16,2,-1
482,2022-10-01,44835,Lewisham,E09000023,0,5,-2,-27,-20,0
483,2022-10-01,44835,Enfield,E09000010,-18,-5,21,-32,-16,0
484,2022-10-01,44835,Barnet,E09000003,-11,8,6,-4,-12,0
485,2022-10-01,44835,Westminster,E09000033,-28,1,-25,-17,-17,0
486,2022-10-01,44835,Hounslow,E09000018,-1,18,5,4,-5,-1
487,2022-10-01,44835,Tower Hamlets,E09000030,-12,1,-5,-12,-11,-1
488,2022-10-01,44835,Merton,E09000024,-18,-4,-5,-5,-14,0
489,2022-10-01,44835,Haringey,E09000014,-19,-9,-14,-22,-28,0
490,2022-10-01,44835,Bromley,E09000006,-11,15,13,-42,-5,1
491,2022-10-01,44835,Greenwich,E09000011,3,9,-12,15,-12,0
492,2022-10-01,44835,Brent,E09000005,0,4,42,-9,-14,-1
493,2022-10-01,44835,Kingston upon Thames,E09000021,-16,2,72,-19,2,0
494,2022-10-01,44835,Waltham Forest,E09000031,-11,0,-27,-18,-21,0
495,2022-09-30,44834,Sutton,E09000029,-17,1,1,-37,-40,7
496,2022-09-30,44834,Lewisham,E09000023,-5,3,-13,-23,-40,8
497,2022-09-30,44834,Brent,E09000005,-15,0,0,-18,-32,5
498,2022-09-30,44834,Tower Hamlets,E09000030,-27,-7,-23,-32,-44,9
499,2022-09-30,44834,Westminster,E09000033,-38,-11,-30,-19,-43,9
500,2022-09-30,44834,Islington,E09000019,-43,-19,-28,-64,-50,11
501,2022-09-30,44834,Croydon,E09000008,-20,4,-15,-25,-31,6
502,2022-09-30,44834,Newham,E09000025,-14,-2,136,-17,-27,4
503,2022-09-30,44834,Wandsworth,E09000032,-28,-15,-9,-19,-41,10
504,2022-09-30,44834,Bexley,E09000004,-20,4,14,-32,-35,6
505,2022-09-30,44834,Lambeth,E09000022,-29,-11,20,-32,-38,9
506,2022-09-30,44834,Barking and Dagenham,E09000002,-17,6,12,-11,-31,3
507,2022-09-30,44834,Greenwich,E09000011,-2,4,8,-3,-40,7
508,2022-09-30,44834,City of London,E09000001,-56,-60,-44,-32,-37,
509,2022-09-30,44834,Barnet,E09000003,-19,-4,-13,-24,-33,7
510,2022-09-30,44834,Ealing,E09000009,-11,-8,-14,-25,-33,6
511,2022-09-30,44834,Enfield,E09000010,-21,-10,-11,-35,-33,5
512,2022-09-30,44834,Hammersmith and Fulham,E09000013,-32,-13,-15,-36,-47,9
513,2022-09-30,44834,Haringey,E09000014,-16,-11,-21,-21,-42,6
514,2022-09-30,44834,Hillingdon,E09000017,-9,-4,129,2,-32,5
515,2022-09-30,44834,Kingston upon Thames,E09000021,-21,-6,62,-22,-36,8
516,2022-09-30,44834,Camden,E09000007,-32,-9,-15,-6,-42,9
517,2022-09-30,44834,Havering,E09000016,-13,3,-12,-20,-32,6
518,2022-09-30,44834,Hounslow,E09000018,-10,-1,-3,-8,-28,5
519,2022-09-30,44834,Redbridge,E09000026,-17,-8,-33,-27,-40,6
520,2022-09-30,44834,Richmond upon Thames,E09000027,-29,-4,-3,-29,-49,8
521,2022-09-30,44834,Waltham Forest,E09000031,-17,-7,-34,-30,-39,7
522,2022-09-30,44834,Kensington and Chelsea,E09000020,-29,-8,-34,-26,-44,9
523,2022-09-30,44834,Merton,E09000024,-27,-8,-34,-25,-36,8
524,2022-09-30,44834,Harrow,E09000015,-15,10,14,-12,-28,7
525,2022-09-30,44834,Bromley,E09000006,-16,9,-8,-24,-41,9
526,2022-09-30,44834,Hackney,E09000012,-28,-5,-15,-29,-39,7
527,2022-09-30,44834,Southwark,E09000028,-28,-8,-14,-24,-35,8
528,2022-09-29,44833,Westminster,E09000033,-28,-3,-12,-18,-38,6
529,2022-09-29,44833,Bromley,E09000006,-11,11,7,-27,-37,7
530,2022-09-29,44833,Lewisham,E09000023,-3,9,13,-22,-36,6
531,2022-09-29,44833,Greenwich,E09000011,-13,8,27,-10,-40,6
532,2022-09-29,44833,City of London,E09000001,-37,-44,-37,-25,-28,
533,2022-09-29,44833,Kingston upon Thames,E09000021,-19,-4,,-15,-33,7
534,2022-09-29,44833,Camden,E09000007,-28,-3,2,-8,-39,7
535,2022-09-29,44833,Lambeth,E09000022,-18,-8,55,-28,-33,6
536,2022-09-29,44833,Hounslow,E09000018,-8,8,10,-14,-26,4
537,2022-09-29,44833,Harrow,E09000015,-6,13,57,-10,-23,5
538,2022-09-29,44833,Newham,E09000025,-12,3,155,-20,-25,3
539,2022-09-29,44833,Waltham Forest,E09000031,-12,1,-6,-27,-37,5
540,2022-09-29,44833,Ealing,E09000009,-7,-1,16,-22,-31,4
541,2022-09-29,44833,Richmond upon Thames,E09000027,-22,2,13,-28,-47,7
542,2022-09-29,44833,Tower Hamlets,E09000030,-17,0,0,-30,-39,6
543,2022-09-29,44833,Barnet,E09000003,-16,2,10,-23,-32,6
544,2022-09-29,44833,Hackney,E09000012,-19,-1,11,-30,-34,5
545,2022-09-29,44833,Enfield,E09000010,-19,-5,16,-33,-33,4
546,2022-09-29,44833,Islington,E09000019,-33,-10,-1,-64,-43,7
547,2022-09-29,44833,Southwark,E09000028,-22,-5,5,-24,-28,6
548,2022-09-29,44833,Redbridge,E09000026,-14,-5,-4,-29,-39,5
549,2022-09-29,44833,Brent,E09000005,-6,5,37,-17,-30,3
550,2022-09-29,44833,Kensington and Chelsea,E09000020,-24,2,-18,-27,-40,6
551,2022-09-29,44833,Sutton,E09000029,-14,7,21,-37,-38,7
552,2022-09-29,44833,Croydon,E09000008,-13,10,12,-25,-28,5
553,2022-09-29,44833,Havering,E09000016,-11,7,6,-16,-28,5
554,2022-09-29,44833,Hillingdon,E09000017,-5,3,164,1,-31,4
555,2022-09-29,44833,Hammersmith and Fulham,E09000013,-28,-7,1,-35,-43,6
556,2022-09-29,44833,Haringey,E09000014,-20,-6,-7,-23,-39,4
557,2022-09-29,44833,Wandsworth,E09000032,-25,-14,-1,-17,-38,7
558,2022-09-29,44833,Barking and Dagenham,E09000002,-13,8,42,-12,-32,2
559,2022-09-29,44833,Bexley,E09000004,-18,4,37,-27,-31,5
560,2022-09-29,44833,Merton,E09000024,-23,-9,-23,-27,-36,6
561,2022-09-28,44832,Redbridge,E09000026,-16,-3,-10,-23,-40,5
562,2022-09-28,44832,Enfield,E09000010,-22,-6,10,-34,-33,5
563,2022-09-28,44832,Barnet,E09000003,-15,-2,-2,-21,-33,6
564,2022-09-28,44832,Camden,E09000007,-27,-8,2,-9,-39,7
565,2022-09-28,44832,Islington,E09000019,-35,-14,-5,-65,-45,8
566,2022-09-28,44832,Merton,E09000024,-23,-9,-20,-25,-34,6
567,2022-09-28,44832,Harrow,E09000015,-7,16,38,-7,-22,6
568,2022-09-28,44832,Hackney,E09000012,-21,-3,5,-33,-35,6
569,2022-09-28,44832,Lewisham,E09000023,-3,9,1,-24,-35,7
570,2022-09-28,44832,Southwark,E09000028,-23,-6,3,-25,-33,6
571,2022-09-28,44832,Croydon,E09000008,-14,7,-1,-26,-28,6
572,2022-09-28,44832,Waltham Forest,E09000031,-11,-1,-16,-28,-36,5
573,2022-09-28,44832,Wandsworth,E09000032,-25,-13,0,-21,-37,7
574,2022-09-28,44832,Newham,E09000025,-9,3,153,-18,-24,4
575,2022-09-28,44832,Haringey,E09000014,-23,-7,-15,-30,-41,5
576,2022-09-28,44832,Hounslow,E09000018,-9,4,11,-9,-25,4
577,2022-09-28,44832,Lambeth,E09000022,-22,-6,46,-32,-34,7
578,2022-09-28,44832,City of London,E09000001,-40,-45,-23,-27,-30,
579,2022-09-28,44832,Westminster,E09000033,-30,-4,-19,-21,-39,6
580,2022-09-28,44832,Bexley,E09000004,-17,5,32,-26,-35,6
581,2022-09-28,44832,Sutton,E09000029,-12,5,16,-35,-38,7
582,2022-09-28,44832,Tower Hamlets,E09000030,-15,-3,-6,-30,-38,6
583,2022-09-28,44832,Richmond upon Thames,E09000027,-15,0,7,-29,-48,8
584,2022-09-28,44832,Barking and Dagenham,E09000002,-13,11,31,-19,-33,2
585,2022-09-28,44832,Kensington and Chelsea,E09000020,-28,-2,-22,-33,-39,6
586,2022-09-28,44832,Brent,E09000005,-2,6,21,-19,-31,4
587,2022-09-28,44832,Bromley,E09000006,-12,10,2,-25,-37,7
588,2022-09-28,44832,Havering,E09000016,-10,2,6,-18,-28,5
589,2022-09-28,44832,Greenwich,E09000011,-15,11,18,-7,-38,6
590,2022-09-28,44832,Hillingdon,E09000017,-7,-1,163,-3,-31,5
591,2022-09-28,44832,Hammersmith and Fulham,E09000013,-22,-8,-1,-36,-45,7
592,2022-09-28,44832,Ealing,E09000009,-5,-2,5,-23,-34,5
593,2022-09-28,44832,Kingston upon Thames,E09000021,-20,-1,,-19,-34,6
594,2022-09-27,44831,Southwark,E09000028,-28,-12,-14,-26,-33,7
595,2022-09-27,44831,Greenwich,E09000011,-15,3,8,-10,-40,7
596,2022-09-27,44831,Croydon,E09000008,-16,12,-14,-27,-30,6
597,2022-09-27,44831,Bexley,E09000004,-20,4,16,-32,-33,6
598,2022-09-27,44831,Hillingdon,E09000017,-8,-2,119,0,-30,5
599,2022-09-27,44831,Sutton,E09000029,-19,-7,-3,-36,-39,7
600,2022-09-27,44831,Enfield,E09000010,-22,-9,3,-35,-34,5
601,2022-09-27,44831,Hackney,E09000012,-30,-11,-10,-35,-39,6
602,2022-09-27,44831,Ealing,E09000009,-10,-3,-10,-23,-32,6
603,2022-09-27,44831,Richmond upon Thames,E09000027,-30,0,-11,-34,-49,9
604,2022-09-27,44831,Redbridge,E09000026,-16,0,-21,-28,-41,5
605,2022-09-27,44831,Tower Hamlets,E09000030,-19,-5,-15,-34,-40,8
606,2022-09-27,44831,Brent,E09000005,-14,3,8,-21,-31,4
607,2022-09-27,44831,Barnet,E09000003,-21,-9,-7,-25,-40,6
608,2022-09-27,44831,Merton,E09000024,-27,-10,-30,-24,-35,7
609,2022-09-27,44831,Kensington and Chelsea,E09000020,-27,-1,-27,-34,-41,7
610,2022-09-27,44831,Waltham Forest,E09000031,-20,-3,-21,-30,-39,6
611,2022-09-27,44831,Haringey,E09000014,-22,-9,-11,-27,-44,6
612,2022-09-27,44831,Havering,E09000016,-14,6,-8,-19,-29,6
613,2022-09-27,44831,Hammersmith and Fulham,E09000013,-25,-10,-19,-37,-45,7
614,2022-09-27,44831,Hounslow,E09000018,-12,2,4,-12,-28,5
615,2022-09-27,44831,Islington,E09000019,-39,-16,-23,-65,-46,8
616,2022-09-27,44831,Harrow,E09000015,-9,12,31,-9,-21,7
617,2022-09-27,44831,City of London,E09000001,-45,-50,-33,-30,-29,
618,2022-09-27,44831,Newham,E09000025,-9,2,134,-19,-26,4
619,2022-09-27,44831,Lambeth,E09000022,-26,-11,21,-31,-33,7
620,2022-09-27,44831,Barking and Dagenham,E09000002,-17,1,17,-15,-35,4
621,2022-09-27,44831,Bromley,E09000006,-15,9,-15,-26,-37,8
622,2022-09-27,44831,Wandsworth,E09000032,-29,-16,-6,-19,-38,9
623,2022-09-27,44831,Lewisham,E09000023,-8,3,-8,-23,-36,7
624,2022-09-27,44831,Kingston upon Thames,E09000021,-25,-6,,-22,-35,7
625,2022-09-27,44831,Camden,E09000007,-30,-11,-16,-12,-41,8
626,2022-09-27,44831,Westminster,E09000033,-33,-11,-24,-22,-39,7
627,2022-09-26,44830,Bromley,E09000006,-17,7,-6,-29,-41,9
628,2022-09-26,44830,Hillingdon,E09000017,-7,-1,129,-6,-32,6
629,2022-09-26,44830,Southwark,E09000028,-28,-9,-9,-31,-36,8
630,2022-09-26,44830,Havering,E09000016,-13,0,-6,-21,-30,6
631,2022-09-26,44830,Lambeth,E09000022,-27,-11,33,-36,-39,9
632,2022-09-26,44830,Camden,E09000007,-31,-15,4,-14,-45,9
633,2022-09-26,44830,Kingston upon Thames,E09000021,-21,-2,,-24,-37,9
634,2022-09-26,44830,Hounslow,E09000018,-7,6,4,-13,-29,5
635,2022-09-26,44830,Redbridge,E09000026,-18,-5,-23,-29,-42,7
636,2022-09-26,44830,Enfield,E09000010,-20,-9,8,-37,-36,6
637,2022-09-26,44830,City of London,E09000001,-52,-57,-40,-38,-33,
638,2022-09-26,44830,Barnet,E09000003,-24,-6,-13,-29,-43,9
639,2022-09-26,44830,Hammersmith and Fulham,E09000013,-31,-13,-13,-36,-47,9
640,2022-09-26,44830,Merton,E09000024,-25,-8,-23,-27,-38,8
641,2022-09-26,44830,Ealing,E09000009,-15,3,1,-20,-34,6
642,2022-09-26,44830,Newham,E09000025,-13,3,142,-16,-29,5
643,2022-09-26,44830,Waltham Forest,E09000031,-17,-3,-25,-30,-41,7
644,2022-09-26,44830,Hackney,E09000012,-31,-12,-2,-40,-43,9
645,2022-09-26,44830,Barking and Dagenham,E09000002,-15,0,27,-16,-36,4
646,2022-09-26,44830,Islington,E09000019,-42,-17,-20,-65,-50,11
647,2022-09-26,44830,Bexley,E09000004,-23,0,16,-32,-36,7
648,2022-09-26,44830,Sutton,E09000029,-16,-4,15,-40,-42,8
649,2022-09-26,44830,Wandsworth,E09000032,-30,-16,-1,-27,-43,10
650,2022-09-26,44830,Lewisham,E09000023,-3,0,-7,-26,-41,9
651,2022-09-26,44830,Kensington and Chelsea,E09000020,-28,-1,-26,-33,-42,8
652,2022-09-26,44830,Westminster,E09000033,-34,-8,-18,-23,-44,8
653,2022-09-26,44830,Croydon,E09000008,-18,9,-5,-25,-30,7
654,2022-09-26,44830,Richmond upon Thames,E09000027,-29,0,-5,-34,-51,9
655,2022-09-26,44830,Greenwich,E09000011,-13,4,-2,-9,-42,8
656,2022-09-26,44830,Harrow,E09000015,-7,17,40,-8,-26,7
657,2022-09-26,44830,Tower Hamlets,E09000030,-23,-9,-8,-32,-44,9
658,2022-09-26,44830,Haringey,E09000014,-23,-12,-19,-29,-45,7
659,2022-09-26,44830,Brent,E09000005,35,4,29,-2,-33,5
660,2022-09-25,44829,Ealing,E09000009,-12,8,30,-9,-10,0
661,2022-09-25,44829,Camden,E09000007,-24,-6,2,14,-15,-1
662,2022-09-25,44829,Bexley,E09000004,-21,-2,35,-5,-6,-1
663,2022-09-25,44829,Islington,E09000019,-35,-13,7,-57,-17,-1
664,2022-09-25,44829,Hounslow,E09000018,-2,10,28,5,-4,-1
665,2022-09-25,44829,Kingston upon Thames,E09000021,-13,-8,115,1,0,-1
666,2022-09-25,44829,Merton,E09000024,-21,-11,-9,-10,-12,-1
667,2022-09-25,44829,Westminster,E09000033,-22,-3,-21,-9,-15,0
668,2022-09-25,44829,Lewisham,E09000023,-4,-3,11,-11,-14,0
669,2022-09-25,44829,Bromley,E09000006,-16,8,15,-9,1,0
670,2022-09-25,44829,Richmond upon Thames,E09000027,-24,-3,8,-23,-19,-1
671,2022-09-25,44829,Tower Hamlets,E09000030,-13,-16,1,-17,-7,-1
672,2022-09-25,44829,Harrow,E09000015,-12,9,70,8,11,-1
673,2022-09-25,44829,Southwark,E09000028,-17,-2,7,2,-4,0
674,2022-09-25,44829,Brent,E09000005,-13,3,36,-16,-10,-1
675,2022-09-25,44829,Waltham Forest,E09000031,-12,-4,1,-21,-18,0
676,2022-09-25,44829,Kensington and Chelsea,E09000020,-28,0,-17,-16,-21,1
677,2022-09-25,44829,Hillingdon,E09000017,1,-7,174,8,-4,-1
678,2022-09-25,44829,Barnet,E09000003,-18,3,12,-14,-4,-1
679,2022-09-25,44829,Haringey,E09000014,-24,-13,-13,-15,-25,-1
680,2022-09-25,44829,Lambeth,E09000022,-26,-9,59,-8,-6,-1
681,2022-09-25,44829,Newham,E09000025,-11,-4,140,4,1,-2
682,2022-09-25,44829,Havering,E09000016,-9,3,27,-4,0,0
683,2022-09-25,44829,Redbridge,E09000026,-20,-6,16,-13,-16,-1
684,2022-09-25,44829,Hackney,E09000012,-28,-9,5,-23,-14,-1
685,2022-09-25,44829,Sutton,E09000029,-21,-8,31,-28,-10,0
686,2022-09-25,44829,Croydon,E09000008,-19,7,9,-21,-7,0
687,2022-09-25,44829,Hammersmith and Fulham,E09000013,-33,-14,8,-33,-21,-1
688,2022-09-25,44829,City of London,E09000001,-13,-55,-1,0,,
689,2022-09-25,44829,Greenwich,E09000011,-3,4,1,-3,-11,0
690,2022-09-25,44829,Barking and Dagenham,E09000002,-15,-3,54,-3,-19,-1
691,2022-09-25,44829,Enfield,E09000010,-26,-10,16,-28,-14,0
692,2022-09-25,44829,Wandsworth,E09000032,-27,-17,-6,-31,2,-1
693,2022-09-24,44828,Haringey,E09000014,-24,-13,-13,-17,-26,-1
694,2022-09-24,44828,Brent,E09000005,-15,-1,38,-13,-12,-1
695,2022-09-24,44828,Lambeth,E09000022,-24,-10,56,-6,-4,-1
696,2022-09-24,44828,Enfield,E09000010,-23,-9,11,-30,-16,0
697,2022-09-24,44828,Islington,E09000019,-13,-5,5,-41,-14,-1
698,2022-09-24,44828,Westminster,E09000033,-25,2,-23,-4,-18,0
699,2022-09-24,44828,Sutton,E09000029,-21,-10,17,-30,-13,0
700,2022-09-24,44828,Hillingdon,E09000017,-7,-7,159,10,-9,-1
701,2022-09-24,44828,Newham,E09000025,-21,-2,129,-9,-1,-2
702,2022-09-24,44828,Barking and Dagenham,E09000002,-15,3,38,-3,-18,-1
703,2022-09-24,44828,Croydon,E09000008,-20,9,17,-19,-11,0
704,2022-09-24,44828,Barnet,E09000003,-15,6,15,-12,-11,0
705,2022-09-24,44828,Bexley,E09000004,-21,2,36,-23,-10,0
706,2022-09-24,44828,Hackney,E09000012,-25,-6,2,-19,-17,-1
707,2022-09-24,44828,Harrow,E09000015,-12,16,75,4,6,-1
708,2022-09-24,44828,Waltham Forest,E09000031,-18,-2,-28,-22,-19,0
709,2022-09-24,44828,Wandsworth,E09000032,-32,-16,-4,-26,-7,0
710,2022-09-24,44828,Greenwich,E09000011,-3,6,-13,13,-11,0
711,2022-09-24,44828,Hammersmith and Fulham,E09000013,-35,-5,12,-34,-21,-1
712,2022-09-24,44828,Merton,E09000024,-24,-8,-14,-8,-11,0
713,2022-09-24,44828,Hounslow,E09000018,-8,12,1,-2,-3,-1
714,2022-09-24,44828,Kingston upon Thames,E09000021,-20,0,150,-9,3,0
715,2022-09-24,44828,Richmond upon Thames,E09000027,-24,0,-6,-18,-11,0
716,2022-09-24,44828,Lewisham,E09000023,-6,0,-7,-14,-18,0
717,2022-09-24,44828,City of London,E09000001,-20,-54,-18,7,,
718,2022-09-24,44828,Ealing,E09000009,-15,6,29,-11,-15,0
719,2022-09-24,44828,Camden,E09000007,-23,-3,-9,10,-10,0
720,2022-09-24,44828,Tower Hamlets,E09000030,-13,-5,2,-13,-9,-1
721,2022-09-24,44828,Redbridge,E09000026,-18,-5,-18,-18,-16,0
722,2022-09-24,44828,Havering,E09000016,-16,1,4,-6,-2,0
723,2022-09-24,44828,Southwark,E09000028,-21,-7,8,1,-4,-1
724,2022-09-24,44828,Kensington and Chelsea,E09000020,-29,8,-9,-22,-23,0
725,2022-09-24,44828,Bromley,E09000006,-18,10,0,-14,-1,0
726,2022-09-23,44827,Enfield,E09000010,-22,-5,3,-37,-34,5
727,2022-09-23,44827,Westminster,E09000033,-38,-8,-23,-22,-43,7
728,2022-09-23,44827,City of London,E09000001,-57,-59,-38,-36,-35,
729,2022-09-23,44827,Wandsworth,E09000032,-28,-10,0,-22,-42,9
730,2022-09-23,44827,Harrow,E09000015,-12,20,53,-13,-28,7
731,2022-09-23,44827,Hounslow,E09000018,-9,4,5,-11,-29,5
732,2022-09-23,44827,Lambeth,E09000022,-29,-6,44,-34,-39,8
733,2022-09-23,44827,Greenwich,E09000011,-5,7,-5,-7,-40,7
734,2022-09-23,44827,Newham,E09000025,-18,3,146,-19,-27,4
735,2022-09-23,44827,Camden,E09000007,-35,-5,-1,-10,-43,9
736,2022-09-23,44827,Bromley,E09000006,-17,13,-4,-27,-43,9
737,2022-09-23,44827,Lewisham,E09000023,-6,5,-2,-24,-41,8
738,2022-09-23,44827,Hillingdon,E09000017,-10,0,131,2,-31,5
739,2022-09-23,44827,Hackney,E09000012,-27,3,0,-32,-39,7
740,2022-09-23,44827,Sutton,E09000029,-19,-5,3,-36,-41,7
741,2022-09-23,44827,Tower Hamlets,E09000030,-26,-3,-14,-31,-45,9
742,2022-09-23,44827,Ealing,E09000009,-15,3,6,-25,-34,6
743,2022-09-23,44827,Southwark,E09000028,-27,-6,-8,-26,-36,7
744,2022-09-23,44827,Merton,E09000024,-28,-3,-26,-26,-37,7
745,2022-09-23,44827,Havering,E09000016,-17,3,-2,-20,-32,6
746,2022-09-23,44827,Barnet,E09000003,-15,4,5,-25,-34,7
747,2022-09-23,44827,Brent,E09000005,-10,6,27,-18,-32,5
748,2022-09-23,44827,Hammersmith and Fulham,E09000013,-35,-10,-5,-39,-48,9
749,2022-09-23,44827,Redbridge,E09000026,-17,-3,-19,-27,-41,6
750,2022-09-23,44827,Barking and Dagenham,E09000002,-17,9,35,-16,-31,3
751,2022-09-23,44827,Kingston upon Thames,E09000021,-23,-1,,-23,-36,8
752,2022-09-23,44827,Croydon,E09000008,-22,11,-6,-27,-32,7
753,2022-09-23,44827,Bexley,E09000004,-21,5,22,-31,-35,6
754,2022-09-23,44827,Haringey,E09000014,-22,-7,-8,-26,-42,6
755,2022-09-23,44827,Kensington and Chelsea,E09000020,-29,0,-20,-27,-44,8
756,2022-09-23,44827,Waltham Forest,E09000031,-16,-3,-19,-31,-39,6
757,2022-09-23,44827,Islington,E09000019,-44,-16,-11,-66,-50,10
758,2022-09-23,44827,Richmond upon Thames,E09000027,-27,1,3,-32,-51,9
759,2022-09-22,44826,Kensington and Chelsea,E09000020,-24,4,-12,-29,-42,6
760,2022-09-22,44826,City of London,E09000001,-39,-43,-18,-26,-30,
761,2022-09-22,44826,Hounslow,E09000018,-8,9,18,-15,-27,4
762,2022-09-22,44826,Lewisham,E09000023,-3,10,14,-24,-37,6
763,2022-09-22,44826,Bexley,E09000004,-21,4,36,-28,-33,5
764,2022-09-22,44826,Ealing,E09000009,-13,8,21,-23,-33,4
765,2022-09-22,44826,Tower Hamlets,E09000030,-17,-2,3,-30,-40,6
766,2022-09-22,44826,Bromley,E09000006,-14,9,12,-28,-38,7
767,2022-09-22,44826,Islington,E09000019,-37,-11,1,-64,-45,7
768,2022-09-22,44826,Barking and Dagenham,E09000002,-13,10,37,-15,-33,3
769,2022-09-22,44826,Hackney,E09000012,-24,1,8,-30,-35,5
770,2022-09-22,44826,Newham,E09000025,-15,4,159,-24,-27,3
771,2022-09-22,44826,Haringey,E09000014,-22,-7,-4,-21,-40,5
772,2022-09-22,44826,Wandsworth,E09000032,-28,-11,4,-18,-39,7
773,2022-09-22,44826,Southwark,E09000028,-22,-5,4,-24,-29,5
774,2022-09-22,44826,Greenwich,E09000011,-3,9,6,-11,-39,6
775,2022-09-22,44826,Hillingdon,E09000017,-7,2,138,0,-31,5
776,2022-09-22,44826,Brent,E09000005,-9,7,43,-17,-32,4
777,2022-09-22,44826,Redbridge,E09000026,-14,-4,0,-32,-40,5
778,2022-09-22,44826,Barnet,E09000003,-14,4,23,-21,-34,6
779,2022-09-22,44826,Kingston upon Thames,E09000021,-21,1,,-18,-34,7
780,2022-09-22,44826,Westminster,E09000033,-28,-3,-4,-18,-38,5
781,2022-09-22,44826,Croydon,E09000008,-15,14,10,-22,-29,6
782,2022-09-22,44826,Camden,E09000007,-30,-4,5,-7,-40,6
783,2022-09-22,44826,Harrow,E09000015,-8,16,64,-9,-24,5
784,2022-09-22,44826,Havering,E09000016,-15,7,6,-18,-29,5
785,2022-09-22,44826,Merton,E09000024,-24,-8,-17,-27,-36,6
786,2022-09-22,44826,Lambeth,E09000022,-21,-8,62,-28,-36,6
787,2022-09-22,44826,Richmond upon Thames,E09000027,-21,0,24,-29,-48,8
788,2022-09-22,44826,Waltham Forest,E09000031,-12,1,-5,-29,-38,5
789,2022-09-22,44826,Enfield,E09000010,-19,-4,18,-36,-34,5
790,2022-09-22,44826,Hammersmith and Fulham,E09000013,-25,-6,8,-36,-45,6
791,2022-09-22,44826,Sutton,E09000029,-15,-3,31,-34,-40,6
792,2022-09-21,44825,Lambeth,E09000022,-24,-5,54,-33,-35,7
793,2022-09-21,44825,Merton,E09000024,-25,-6,-15,-26,-34,6
794,2022-09-21,44825,Waltham Forest,E09000031,-13,2,-8,-29,-37,5
795,2022-09-21,44825,Ealing,E09000009,-13,5,19,-21,-35,5
796,2022-09-21,44825,Islington,E09000019,-37,-13,1,-65,-46,8
797,2022-09-21,44825,Southwark,E09000028,-25,-5,3,-26,-33,6
798,2022-09-21,44825,City of London,E09000001,-42,-45,-18,-29,-29,
799,2022-09-21,44825,Bromley,E09000006,-15,12,9,-26,-37,7
800,2022-09-21,44825,Barnet,E09000003,-14,3,5,-20,-33,6
801,2022-09-21,44825,Greenwich,E09000011,-17,10,2,-10,-37,6
802,2022-09-21,44825,Redbridge,E09000026,-18,-1,-2,-25,-41,5
803,2022-09-21,44825,Tower Hamlets,E09000030,-18,-2,-3,-32,-39,6
804,2022-09-21,44825,Croydon,E09000008,-14,8,10,-23,-29,6
805,2022-09-21,44825,Richmond upon Thames,E09000027,-19,0,17,-30,-49,7
806,2022-09-21,44825,Haringey,E09000014,-26,-6,-12,-30,-40,5
807,2022-09-21,44825,Newham,E09000025,-17,6,169,-21,-24,4
808,2022-09-21,44825,Hackney,E09000012,-25,2,12,-34,-35,6
809,2022-09-21,44825,Brent,E09000005,-13,8,36,-21,-31,4
810,2022-09-21,44825,Enfield,E09000010,-22,-5,10,-36,-34,5
811,2022-09-21,44825,Hammersmith and Fulham,E09000013,-21,-9,6,-36,-44,6
812,2022-09-21,44825,Wandsworth,E09000032,-28,-10,8,-21,-38,8
813,2022-09-21,44825,Kingston upon Thames,E09000021,-23,-2,,-20,-34,6
814,2022-09-21,44825,Bexley,E09000004,-20,6,33,-29,-34,6
815,2022-09-21,44825,Westminster,E09000033,-31,-2,-11,-23,-39,6
816,2022-09-21,44825,Harrow,E09000015,-9,18,53,-5,-22,6
817,2022-09-21,44825,Hounslow,E09000018,-9,8,21,-10,-25,4
818,2022-09-21,44825,Sutton,E09000029,-14,4,31,-34,-39,6
819,2022-09-21,44825,Barking and Dagenham,E09000002,-12,13,37,-19,-33,3
820,2022-09-21,44825,Camden,E09000007,-31,-9,6,-12,-40,7
821,2022-09-21,44825,Havering,E09000016,-14,5,2,-19,-29,5
822,2022-09-21,44825,Kensington and Chelsea,E09000020,-27,1,-11,-31,-40,7
823,2022-09-21,44825,Lewisham,E09000023,-4,10,9,-23,-35,7
824,2022-09-21,44825,Hillingdon,E09000017,-8,2,136,-1,-31,5
825,2022-09-20,44824,Camden,E09000007,-32,-3,1,-11,-41,6
826,2022-09-20,44824,City of London,E09000001,-48,-47,-36,-29,-32,
827,2022-09-20,44824,Hillingdon,E09000017,-4,13,127,3,-31,5
828,2022-09-20,44824,Haringey,E09000014,-20,2,-1,-25,-43,5
829,2022-09-20,44824,Merton,E09000024,-24,3,-9,-25,-36,6
830,2022-09-20,44824,Greenwich,E09000011,-14,16,1,-10,-39,6
831,2022-09-20,44824,Lewisham,E09000023,-4,16,7,-25,-36,6
832,2022-09-20,44824,Tower Hamlets,E09000030,-19,6,-5,-34,-41,7
833,2022-09-20,44824,Richmond upon Thames,E09000027,-27,11,4,-32,-49,7
834,2022-09-20,44824,Kingston upon Thames,E09000021,-25,8,,-22,-35,7
835,2022-09-20,44824,Redbridge,E09000026,-14,14,-9,-28,-42,5
836,2022-09-20,44824,Croydon,E09000008,-10,22,7,-25,-32,6
837,2022-09-20,44824,Westminster,E09000033,-34,-3,-11,-25,-40,6
838,2022-09-20,44824,Havering,E09000016,-13,18,4,-20,-29,5
839,2022-09-20,44824,Barnet,E09000003,-14,10,19,-18,-34,6
840,2022-09-20,44824,Hackney,E09000012,-28,4,6,-35,-36,6
841,2022-09-20,44824,Southwark,E09000028,-26,1,-1,-27,-34,6
842,2022-09-20,44824,Brent,E09000005,-13,14,39,-22,-31,3
843,2022-09-20,44824,Newham,E09000025,-9,15,157,-21,-27,4
844,2022-09-20,44824,Barking and Dagenham,E09000002,-12,14,39,-16,-36,3
845,2022-09-20,44824,Harrow,E09000015,-7,28,62,-3,-22,6
846,2022-09-20,44824,Hammersmith and Fulham,E09000013,-29,0,-2,-37,-45,6
847,2022-09-20,44824,Waltham Forest,E09000031,-12,8,-15,-30,-40,5
848,2022-09-20,44824,Sutton,E09000029,-13,21,24,-35,-39,7
849,2022-09-20,44824,Islington,E09000019,-36,-5,-3,-66,-46,8
850,2022-09-20,44824,Lambeth,E09000022,-32,2,53,-28,-35,7
851,2022-09-20,44824,Kensington and Chelsea,E09000020,-29,8,-21,-35,-41,5
852,2022-09-20,44824,Ealing,E09000009,-13,14,16,-21,-33,5
853,2022-09-20,44824,Bexley,E09000004,-19,17,30,-32,-34,5
854,2022-09-20,44824,Hounslow,E09000018,-6,18,18,-10,-27,4
855,2022-09-20,44824,Wandsworth,E09000032,-30,-4,7,-19,-38,8
856,2022-09-20,44824,Enfield,E09000010,-19,1,11,-34,-34,4
857,2022-09-20,44824,Bromley,E09000006,-16,26,4,-29,-38,7
858,2022-09-19,44823,Kensington and Chelsea,E09000020,-56,-52,-14,-51,-81,20
859,2022-09-19,44823,Hammersmith and Fulham,E09000013,-65,-59,39,-63,-83,23
860,2022-09-19,44823,Westminster,E09000033,-58,-46,103,-46,-79,20
861,2022-09-19,44823,Hounslow,E09000018,-38,-50,52,-33,-74,20
862,2022-09-19,44823,Croydon,E09000008,-65,-61,40,-62,-79,23
863,2022-09-19,44823,Richmond upon Thames,E09000027,-48,-68,37,-65,-88,23
864,2022-09-19,44823,Brent,E09000005,-43,-43,99,-55,-75,22
865,2022-09-19,44823,Newham,E09000025,-54,-49,170,-52,-71,20
866,2022-09-19,44823,Haringey,E09000014,-53,-54,25,-56,-80,23
867,2022-09-19,44823,Hillingdon,E09000017,-53,-60,147,-22,-78,22
868,2022-09-19,44823,Enfield,E09000010,-61,-58,48,-68,-77,22
869,2022-09-19,44823,Waltham Forest,E09000031,-44,-54,32,-62,-81,23
870,2022-09-19,44823,Wandsworth,E09000032,-53,-64,19,-61,-84,25
871,2022-09-19,44823,Tower Hamlets,E09000030,-52,-51,2,-63,-80,21
872,2022-09-19,44823,Bexley,E09000004,-66,-64,77,-68,-82,25
873,2022-09-19,44823,Sutton,E09000029,-66,-63,84,-72,-84,25
874,2022-09-19,44823,Southwark,E09000028,-59,-61,-6,-66,-80,24
875,2022-09-19,44823,Camden,E09000007,-64,-61,22,-43,-83,21
876,2022-09-19,44823,Barnet,E09000003,-59,-53,64,-58,-80,24
877,2022-09-19,44823,Lambeth,E09000022,-51,-59,63,-59,-82,25
878,2022-09-19,44823,City of London,E09000001,-85,-89,-68,-74,-79,
879,2022-09-19,44823,Barking and Dagenham,E09000002,-53,-49,59,-56,-77,22
880,2022-09-19,44823,Bromley,E09000006,-64,-69,33,-67,-86,25
881,2022-09-19,44823,Harrow,E09000015,-48,-52,132,-53,-77,24
882,2022-09-19,44823,Merton,E09000024,-62,-68,12,-62,-81,25
883,2022-09-19,44823,Lewisham,E09000023,-47,-55,55,-62,-82,24
884,2022-09-19,44823,Hackney,E09000012,-44,-47,27,-65,-79,21
885,2022-09-19,44823,Greenwich,E09000011,-55,-53,30,-50,-80,24
886,2022-09-19,44823,Islington,E09000019,-61,-66,-10,-81,-86,24
887,2022-09-19,44823,Redbridge,E09000026,-48,-52,43,-62,-80,22
888,2022-09-19,44823,Kingston upon Thames,E09000021,-64,-65,,-65,-83,24
889,2022-09-19,44823,Havering,E09000016,-66,-69,8,-64,-81,24
890,2022-09-19,44823,Ealing,E09000009,-51,-48,59,-53,-78,22
891,2022-09-18,44822,Kingston upon Thames,E09000021,-13,3,112,1,0,-3
892,2022-09-18,44822,Lambeth,E09000022,-17,0,78,1,-6,-3
893,2022-09-18,44822,Enfield,E09000010,-23,1,6,-27,-16,-1
894,2022-09-18,44822,Wandsworth,E09000032,-23,-8,-8,-7,3,-3
895,2022-09-18,44822,Sutton,E09000029,-18,16,10,-22,-10,-3
896,2022-09-18,44822,Hillingdon,E09000017,0,5,147,9,-4,-3
897,2022-09-18,44822,City of London,E09000001,-18,-52,-28,2,,
898,2022-09-18,44822,Richmond upon Thames,E09000027,-20,8,5,-14,-21,-3
899,2022-09-18,44822,Ealing,E09000009,-10,16,9,-9,-10,-2
900,2022-09-18,44822,Greenwich,E09000011,-9,15,0,2,-10,-2
901,2022-09-18,44822,Barking and Dagenham,E09000002,-12,10,43,-1,-18,-3
902,2022-09-18,44822,Havering,E09000016,-11,20,26,4,-1,-2
903,2022-09-18,44822,Tower Hamlets,E09000030,-8,-10,0,-14,-9,-3
904,2022-09-18,44822,Kensington and Chelsea,E09000020,-28,6,-14,-15,-23,-1
905,2022-09-18,44822,Islington,E09000019,-33,-3,4,-55,-14,-2
906,2022-09-18,44822,Croydon,E09000008,-10,17,-1,-16,-4,-3
907,2022-09-18,44822,Waltham Forest,E09000031,-7,4,-4,-21,-20,-2
908,2022-09-18,44822,Haringey,E09000014,-22,-4,-18,-14,-26,-2
909,2022-09-18,44822,Bromley,E09000006,-10,23,4,-8,-3,-2
910,2022-09-18,44822,Lewisham,E09000023,-3,10,1,-8,-15,-2
911,2022-09-18,44822,Hackney,E09000012,-22,-3,-3,-22,-10,-3
912,2022-09-18,44822,Redbridge,E09000026,-14,5,-8,-15,-14,-3
913,2022-09-18,44822,Harrow,E09000015,-8,19,85,19,10,-3
914,2022-09-18,44822,Bexley,E09000004,-16,12,16,-14,-8,-3
915,2022-09-18,44822,Westminster,E09000033,-11,19,16,17,-15,-2
916,2022-09-18,44822,Brent,E09000005,-8,15,24,-9,-9,-3
917,2022-09-18,44822,Southwark,E09000028,-15,6,25,-10,-3,-3
918,2022-09-18,44822,Barnet,E09000003,-17,9,2,-9,-4,-2
919,2022-09-18,44822,Hounslow,E09000018,12,19,2,14,-5,-3
920,2022-09-18,44822,Camden,E09000007,-21,-1,8,11,-16,-2
921,2022-09-18,44822,Newham,E09000025,-14,2,89,-4,1,-3
922,2022-09-18,44822,Hammersmith and Fulham,E09000013,-26,-3,7,-30,-19,-2
923,2022-09-18,44822,Merton,E09000024,-19,-2,-12,-9,-12,-3
924,2022-09-17,44821,Kingston upon Thames,E09000021,-20,1,77,-13,2,-1
925,2022-09-17,44821,Wandsworth,E09000032,-33,-16,-4,-10,-7,-1
926,2022-09-17,44821,Harrow,E09000015,-14,17,86,8,5,-2
927,2022-09-17,44821,Bexley,E09000004,-23,3,43,-24,-10,-1
928,2022-09-17,44821,Sutton,E09000029,-19,4,20,-27,-14,-1
929,2022-09-17,44821,Merton,E09000024,-22,-6,-4,-15,-12,-1
930,2022-09-17,44821,Lambeth,E09000022,-27,-8,65,-8,-3,-1
931,2022-09-17,44821,Waltham Forest,E09000031,-10,-1,-26,-21,-20,-1
932,2022-09-17,44821,Islington,E09000019,-38,-8,8,-51,-13,-1
933,2022-09-17,44821,Bromley,E09000006,-17,12,3,-15,-1,-1
934,2022-09-17,44821,Hillingdon,E09000017,-9,-5,142,11,-9,-2
935,2022-09-17,44821,Barking and Dagenham,E09000002,-17,3,39,-11,-19,-1
936,2022-09-17,44821,Havering,E09000016,-20,4,0,-9,-3,-1
937,2022-09-17,44821,Lewisham,E09000023,-7,1,0,-14,-19,-1
938,2022-09-17,44821,Richmond upon Thames,E09000027,-15,1,5,-12,-12,-1
939,2022-09-17,44821,Westminster,E09000033,-25,6,0,8,-17,-1
940,2022-09-17,44821,Hounslow,E09000018,-9,14,17,2,-3,-2
941,2022-09-17,44821,Camden,E09000007,-29,-9,-2,4,-9,-1
942,2022-09-17,44821,City of London,E09000001,-28,-52,-25,0,,
943,2022-09-17,44821,Southwark,E09000028,-24,-9,25,-11,-6,-2
944,2022-09-17,44821,Hackney,E09000012,-28,-8,2,-25,-16,-1
945,2022-09-17,44821,Kensington and Chelsea,E09000020,-33,7,-16,-27,-18,-1
946,2022-09-17,44821,Greenwich,E09000011,-20,6,-7,-1,-9,-1
947,2022-09-17,44821,Croydon,E09000008,-16,7,22,-17,-11,-1
948,2022-09-17,44821,Haringey,E09000014,-2,-10,-7,0,-27,-1
949,2022-09-17,44821,Redbridge,E09000026,-20,-5,-13,-18,-13,-1
950,2022-09-17,44821,Enfield,E09000010,-23,-7,22,-28,-16,0
951,2022-09-17,44821,Ealing,E09000009,-18,6,26,-9,-14,-1
952,2022-09-17,44821,Tower Hamlets,E09000030,-15,-2,5,-18,-11,-2
953,2022-09-17,44821,Barnet,E09000003,-19,6,11,-14,-11,-1
954,2022-09-17,44821,Brent,E09000005,-14,1,43,-12,-12,-1
955,2022-09-17,44821,Hammersmith and Fulham,E09000013,-33,-6,14,-33,-21,-1
956,2022-09-17,44821,Newham,E09000025,-26,-2,91,-14,-2,-2
957,2022-09-16,44820,Richmond upon Thames,E09000027,-24,1,19,-33,-51,8
958,2022-09-16,44820,Barnet,E09000003,-17,2,16,-23,-35,6
959,2022-09-16,44820,Camden,E09000007,-35,-7,11,-10,-43,8
960,2022-09-16,44820,Croydon,E09000008,-17,9,8,-25,-32,6
961,2022-09-16,44820,Waltham Forest,E09000031,-7,-2,-13,-30,-40,6
962,2022-09-16,44820,Newham,E09000025,-21,4,144,-22,-27,4
963,2022-09-16,44820,Enfield,E09000010,-20,-6,7,-36,-35,5
964,2022-09-16,44820,Lewisham,E09000023,-4,6,2,-23,-41,7
965,2022-09-16,44820,Hammersmith and Fulham,E09000013,-34,-9,5,-40,-47,8
966,2022-09-16,44820,Barking and Dagenham,E09000002,-14,9,43,-16,-31,2
967,2022-09-16,44820,Kensington and Chelsea,E09000020,-32,1,-13,-31,-44,7
968,2022-09-16,44820,Havering,E09000016,-15,6,9,-20,-32,5
969,2022-09-16,44820,Hounslow,E09000018,-7,7,9,-13,-28,4
970,2022-09-16,44820,Haringey,E09000014,-21,-9,-4,-26,-43,6
971,2022-09-16,44820,Westminster,E09000033,-36,-6,-3,-15,-42,7
972,2022-09-16,44820,City of London,E09000001,-59,-59,-40,-36,-39,
973,2022-09-16,44820,Bromley,E09000006,-16,12,5,-25,-42,8
974,2022-09-16,44820,Islington,E09000019,-44,-17,-2,-66,-50,9
975,2022-09-16,44820,Bexley,E09000004,-20,4,49,-33,-36,5
976,2022-09-16,44820,Ealing,E09000009,-14,4,14,-25,-33,5
977,2022-09-16,44820,Merton,E09000024,-23,-4,-21,-26,-37,6
978,2022-09-16,44820,Hackney,E09000012,-27,2,3,-33,-38,6
979,2022-09-16,44820,Sutton,E09000029,-18,7,18,-36,-41,6
980,2022-09-16,44820,Wandsworth,E09000032,-28,-9,-2,-21,-42,9
981,2022-09-16,44820,Southwark,E09000028,-27,-4,33,-24,-35,7
982,2022-09-16,44820,Tower Hamlets,E09000030,-27,-2,2,-34,-44,8
983,2022-09-16,44820,Greenwich,E09000011,-19,7,7,-9,-40,6
984,2022-09-16,44820,Lambeth,E09000022,-25,-3,79,-30,-40,8
985,2022-09-16,44820,Brent,E09000005,-10,6,31,-19,-32,4
986,2022-09-16,44820,Harrow,E09000015,-11,18,59,-11,-28,6
987,2022-09-16,44820,Redbridge,E09000026,-14,-2,-3,-29,-41,6
988,2022-09-16,44820,Hillingdon,E09000017,-10,-2,126,0,-32,5
989,2022-09-16,44820,Kingston upon Thames,E09000021,-22,-4,,-25,-38,7
990,2022-09-15,44819,Bexley,E09000004,-19,4,29,-31,-34,6
991,2022-09-15,44819,Richmond upon Thames,E09000027,-23,0,22,-33,-48,8
992,2022-09-15,44819,Bromley,E09000006,-14,7,11,-33,-39,8
993,2022-09-15,44819,Hillingdon,E09000017,-8,0,135,-1,-32,5
994,2022-09-15,44819,Hammersmith and Fulham,E09000013,-30,-8,2,-37,-45,7
995,2022-09-15,44819,Tower Hamlets,E09000030,-22,-4,9,-36,-42,7
996,2022-09-15,44819,Westminster,E09000033,-32,-6,6,-22,-39,6
997,2022-09-15,44819,Ealing,E09000009,-16,5,16,-27,-32,4
998,2022-09-15,44819,Hackney,E09000012,-25,-1,8,-35,-35,5
999,2022-09-15,44819,Kensington and Chelsea,E09000020,-30,-1,-19,-29,-41,6
1000,2022-09-15,44819,Barking and Dagenham,E09000002,-14,6,44,-16,-35,3
1001,2022-09-15,44819,Brent,E09000005,-15,3,41,-22,-31,4
1002,2022-09-15,44819,Sutton,E09000029,-17,5,21,-38,-41,7
1003,2022-09-15,44819,Havering,E09000016,-14,9,8,-21,-30,5